<?xml version="1.0" encoding="UTF-8"?>
<!DOCTYPE mapper PUBLIC "-//mybatis.org//DTD Mapper 3.0//EN" "http://mybatis.org/dtd/mybatis-3-mapper.dtd">
<mapper namespace="bookmarkns">
	<select id="select" resultType="bookmark">
		select * from bookmark where member_no = #{member_no} and fno = #{fno}
	</select>
	
	<insert id="insert" parameterType="hashmap">
		<selectKey keyProperty="bm_no" order="BEFORE" resultType="integer">
				select nvl(max(bm_no), 0) + 1 bm_no from bookmark
		</selectKey>
		insert into bookmark values(#{bm_no}, #{member_no}, #{fno})
	</insert>
	
	<delete id="delete" parameterType="hashmap">
		delete bookmark where member_no = #{member_no} and fno = #{fno}
	</delete>
	<select id="getTotalMy" parameterType="integer" resultType="integer">
		select count(*) from bookmark where member_no=#{member_no} 
	</select>
	<select id="myList" parameterType="integer" resultType="bookmark">
		select * from (select rowNum rn, e.* from (
		select * from bookmark where member_no = #{member_no} order by bm_no desc) e)
		where rn between #{startRow} and #{endRow}
	</select>
</mapper> 