<?xml version="1.0" encoding="UTF-8" ?>
<!DOCTYPE configuration PUBLIC "-//mybatis.org//DTD Config 3.0//EN" "http://mybatis.org/dtd/mybatis-3-config.dtd">
<configuration>
	<properties resource="dbconnect.properties" />
	<typeAliases>
		<typeAlias alias="member" type="model.Member" />
		<typeAlias type="model.Board" alias="board" />
		<typeAlias type="model.BoardReply" alias="reply" />
		<typeAlias type="model.BoardLikes" alias="likes" />
		<typeAlias alias="festival" type="model.Festival"/>
		<typeAlias alias="bookmark" type="model.Bookmark"/>
	</typeAliases>
	<environments default="development">
		<environment id="development">
			<transactionManager type="JDBC" />
			<dataSource type="POOLED">
				<property name="driver" value="${driver}" />
				<property name="url" value="${url}" />
				<property name="username" value="${username}" />
				<property name="password" value="${password}" />
			</dataSource>
		</environment>
	</environments>
	<mappers>
		<mapper resource="member.xml" />
		<mapper resource="board.xml" />
		<mapper resource="reply.xml" />
		<mapper resource="likes.xml" />
		<mapper resource="festival.xml"/>
		<mapper resource="bookmark.xml"/>
	</mappers>
</configuration>