<?xml version="1.0" encoding="UTF-8" ?>
<!DOCTYPE mapper PUBLIC "-//mybatis.org//DTD Mapper 3.0//EN" "http://mybatis.org/dtd/mybatis-3-mapper.dtd">
<mapper namespace="memberns">

	<!-- 회원 아이디 조회 -->
	<select id="select" parameterType="string" resultType="member">
		select * from member where id=#{id} and del='n'
	</select>
	
	<!-- id로 회원번호 조회 -->
	<select id="selectMno" parameterType="string" resultType="integer">
		select member_no from member where id=#{id}
	</select>
	
	
	<!-- mno로 회원 정보 조회 -->
	<select id="selectReserve" parameterType="integer" resultType="member">
		select * from member where member_no = #{memeber_no}
	</select>


	<!-- 회원 가입 -->
	<insert id="insert" parameterType="member">
		<selectKey keyProperty="member_no" order="BEFORE" resultType="integer">
			select nvl(max(member_no), 0) + 1 member_no from member
		</selectKey>
		insert into member values(#{member_no},#{id},#{password},#{name},#{email},
			#{phone},'n',sysdate, 'user.png')
	</insert>
	
	<!-- 전체회원정보 조회 -->
	<select id="list" parameterType="hashmap" resultType="member">
		select * from (select rowNum rn, a.* from (select * from member order by member_no desc) a) 
			where rn between #{startRow} and #{endRow}
	</select>
	
	
	<!-- 총 회원수 조회 -->
	<select id="getTotal" resultType="integer">
		select count(*) from member
	</select>
	
	<!-- 아이디 찾기 -->
	<select id="findId" parameterType="hashmap" resultType="member">
		select * from member where name=#{name} and phone=#{phone}
	</select>
	
	<!-- 비밀번호 찾기 -->
	<select	id="findPassword" parameterType="string" resultType="member">
		select * from member where id=#{id} and name=#{name}
	</select> 
	
<!-- 	
	 <select id="searchMember" parameterType="hashmap" resultType="member">
		select * from member where
		<choose>
			<when test="searchKey.equals('id')"> id like '%'||#{searchValue}||'%'</when> 
			<when test="searchKey.equals('name')"> name like '%'||#{searchValue}||'%'</when> 
			<otherwise> nick_nm like '%'||#{searchValue}||'%'
			</otherwise>
		</choose>
			 order by member_no desc
	</select> -->
	
	<!-- 회원정보 수정 -->
	<update id="update" parameterType="member">
		update member set password=#{password}, name=#{name},
			phone=#{phone}
			<if test="profile != null and profile !=''">, profile=#{profile,jdbcType=VARCHAR}</if>
			where id=#{id}
	</update>
	
	<!-- 회원 탈퇴 -->
	<update id="delete" parameterType="integer">
		update member set del='y' where member_no=#{member_no}	
	</update> 
</mapper>