<?xml version="1.0" encoding="UTF-8"?>
<decorators defaultdir="/decorator">
	<decorator name="decorator" page="view.jsp">
		<pattern>/view/board/*</pattern>
		<pattern>/view/fest/*</pattern>
		<pattern>/view/member/*</pattern>
		<pattern>/view/myProfile/*</pattern>
	</decorator>
	<!-- <decorator name="decorator_master" page="view_master.jsp">
		<pattern>/view/master/*</pattern>   
	</decorator> -->
	<excludes>
		<pattern>/view/fest/festHome.*</pattern>
		<pattern>/view/member/dupChk.*</pattern>
		<pattern>/view/member/findForm.*</pattern>
		<pattern>/view/myProfile/profileMenu.*</pattern> 
		<!-- <pattern>/view/member/confirmNick_nm.*</pattern>
		<pattern>/view/member/confirmId.*</pattern>
		<pattern>/view/member/mailResult.*</pattern>
		<pattern>/view/display/confirm.*</pattern>
		<pattern>/view/display/reviewLikes.*</pattern>
		<pattern>/view/display/bookmarkUpdate.*</pattern>
		<pattern>/view/board/bdLikesCnt.*</pattern>
		<pattern>/view/board/rpLikesCnt.*</pattern>-->
		<pattern>/view/board/rpLikesCnt.*</pattern>
		<pattern>/view/myProfile/profileMenu.*</pattern>
	</excludes>
</decorators>

